TITLE,URL,CHECKED
Incantation - Unto Infinite Twilight / Majesty of Infernal Damnation,https://www.youtube.com/watch?v=kRJurAlJTiY&pp=ygUWdW50byBpbmZpbml0ZSB0d2lsaWdodA%3D%3D,False
While Heaven Wept - The Furthest Shore,https://m.youtube.com/watch?v=VDRQ3WrhSOM,False
Wode - Chaosspell [England - 2017],https://wode.bandcamp.com/track/chaosspell,False
Bestia Arcana - Hellmouth,https://darkdescentrecords.bandcamp.com/track/hellmouth,False
Sepulchral Curse - Abhorrent Dimensions,https://www.youtube.com/watch?v=kRkjRs7fCJ0,False
"Cadaverous Condition - Use Your Blood [2011, AT]",https://www.youtube.com/watch?v=KfApS9TVu6s,False
Porphyrion - Triumph Of Unholy War,https://porphyriondeath.bandcamp.com/track/triumph-of-unholy-war,False
Sabïre - Ice Cold Lust (Official Video),https://m.youtube.com/watch?v=ErIWiJAf7nM,False
The Scum - I drink your blood and I eat your skin,https://thescumband.bandcamp.com/track/i-drink-your-blood-and-i-eat-your-skin,False
"Mortician - Stab (USA, 1999)",https://youtu.be/ZojJSsYEMMs?si=4n5Hv5f3LgVTj4TS,False
Vertebra Atlantis - A Dialogue with the Eeriest Sublime,https://youtu.be/1iQOxmmqMns?si=MDGG7z_0ez-oLDQD,False
Death Angel - 3rd Floor [US 1988],https://youtube.com/watch?v=LETQLSNtiMc&si=_vni8bj4kg_2nDSD,False
"Crystal Coffin - Cryogenesis [2023, Canada, Melodic Black]",https://www.youtube.com/watch?v=1VZG0Tgqp1Y,False
Celestial Sanctuary - Trapped Within The Rank Membrane,https://youtu.be/VfRvUeP8dFQ?si=q3UROvgZ2xnamEKe,False
Adversam - Hypertemple,https://adversam.bandcamp.com/track/hypertemple,False
Enosis - Barren Earth,https://www.youtube.com/watch?v=H6sD-8bz9PE,False
"Varathron - Hegemony of Chaos (Greece, 2023)",https://www.youtube.com/watch?v=0D_yRMLUorg,False
"Autopsy - Well of Entrails (USA, 2023)",https://youtu.be/tQHp06jG3-4?si=NItyfPou2gjkM8Kp,False
"Sepulchral Curse - Onward the Legions [2023, Finland, FFO Desolate Shrine, Profanatica]",https://sepulchralcursefin.bandcamp.com/track/onward-the-legions,False
Lowest Creature - Witch Supreme,https://youtu.be/0e7h9jIw1ss?si=E8s3eYtvsn80K5sw,False
Rascal - Trapped Within The Lightning,https://www.youtube.com/watch?v=7r2TNw1-Ag0,False
Malokarpatan - Vovnútri chlácholivého útočišta kunstkamru,https://malokarpatan.bandcamp.com/track/vovn-tri-chl-choliv-ho-to-i-ta-kunstkamru,False
"Lightlorn - A Tragedy in Starlight (Post-Black, South Africa/Sweden, 2023)",https://lightlorn.bandcamp.com/track/a-tragedy-in-starlight,False
Graveshadow - Vengeance of Envy,https://youtube.com/watch?v=J9d3PNgT6Po&si=0uuSd71eg5pX3K8-,False
Not Fragile - High Into Heaven,https://www.youtube.com/watch?v=xt9jZkCPt6k,False
Acid Witch - Pranks (2023),https://youtu.be/fCkwcwlYO3g?si=jPrwInEW0OUe04nq,False
Satan's Hallow - Reaching for the Night,https://youtube.com/watch?v=FRZPxdKrzyE&si=FDp5aXnRzAH_A--X,False
"Ringarë - Of Mages and Mystics [atmoblack, USA, 2023. FFO: early Emperor, Evilfeast, Paysage d'Hiver]",https://avantgardemusic.bandcamp.com/track/of-mages-and-mystics,False
"Ratos de Porão - Amazônia Nunca Mais (Brazil, 1989)",https://youtu.be/mmCwe-jaii8?feature=shared,False
"X-Wild - Braveheart [From Savageland, 1996]",https://youtu.be/_DhZ6zTR5Nc?si=l0FVMj5v7BSomQ-4,False
Idiopathic - From Origins Unknown,https://youtu.be/UtDrpLKhDt0?si=Db2xFgDmuke2fPo2,False
MISERABLE ABYSS - Take The Knife [Subaquatic Corporeal Rot - 2023],https://youtu.be/miHlF3-nbOQ?si=uq3OhZxY9bLXoEIJ,False
Hooded Menace - Never Cross the Dead,https://www.youtube.com/watch?v=NvsOghA2Rrs,False
"Hellripper - The Cursed Carrion Crown (UK, 2023)",https://youtu.be/f4prJ4AhouI?si=v4vyjT1neY-NQ7B7,False
"Xoth - ""Sporecraft Zero"" (OFFICIAL)",https://youtu.be/BDr60Nm33kY?si=k-MWDO4H0jG1h-mA,False
"SubRosa - Fat of the Ram [USA, 2013]",https://www.youtube.com/watch?v=1bNiZ1qZMpM,False
Sarcofago - Christ's Death,https://www.youtube.com/watch?v=qzNHkb-Xivw,False
"Bethlehem - Schatten aus der Alexander Welt (Germany, 1996)",https://youtu.be/xOu_l9lrXHY?si=UV4AamMtOz7UiKIU,False
"Skeletal Remains - Void of Despair [Death, USA, 2023]",https://youtube.com/watch?v=Nm5mfVG1Ozs&si=0tj5E3Sgp2ihhutc,False
Running Wild - Riding the Storm [All of Western Europe today],https://www.youtube.com/watch?v=klbaF9SPyBk,False
Midnight Dice - Lazer Tears,https://midnightdice.bandcamp.com/track/lazer-tears,False
"Hades - Unholy Congregation (Norway, from ""Alone Walkyng"" demo 1993)",https://youtu.be/iz-698BHpaw?feature=shared,False
Nithing - The Seeping Pus of Ancient Wounds,https://www.youtube.com/watch?v=QF32LqGizCs,False
Nailcrown - Beneath Ancient Sunlight,https://youtu.be/ge6A_WCo4Kw?si=oPsUc_5PquHcQcJ6,False
"Marthe - I Ride Alone (2023, FFO: Bathory, The Ruins of Beverast, Chelsea Wolfe)",https://marthesl.bandcamp.com/track/i-ride-alone,False
Coward Punch - Tinvasion,https://cowardpunch.bandcamp.com/track/tinvasion,False
"Pestifer - Draconian Daemon [Belgium - 2023] (FFO: Atheist, Horrendous, Martyr)",https://pestifer-band.bandcamp.com/track/draconian-daemon,False
Soli Diaboli Gloria - I,https://youtu.be/snRzFQF5nPw?si=UKzgH9f8XOWKVvqm,False
"Panopticon - The Blue Against The White [atmospheric black/folk, USA, 2023. FFO: Agalloch, Saor, Falls of Rauros]",https://thetruepanopticon.bandcamp.com/track/the-blue-against-the-white,False
Evergaul - Striden I Meg,https://youtu.be/hYwirycqAZc?si=CUPYNbzAcnPURkv0,False
"Spellghast - Rain September Blood, symphonic black metal, United States.",https://youtu.be/Ttk7iyZVrqo?si=W9w0-rDwvDMbAx61,False
"Tower Hill - Port of Saints (Canada, 2023)",https://towerhillmetal.bandcamp.com/track/port-of-saints,False
Ysbrydnos - Derwydd pt 1: Beneath a Waxing Moon,https://ysbrydnos.bandcamp.com/track/derwydd-pt-i-beneath-a-waxing-moon,False
"Acid Force - World Targets in Megadeaths (Slovakia, 2023)",https://acidforce.bandcamp.com/track/world-targets-in-megadeaths,False
"Final Eclipse - Thunder of the Night Spirit (Black, USA, 2023. FFO: Death Fortress)",https://finaleclipseband.bandcamp.com/track/thunder-of-the-night-spirit,False
"Halvar - State of the Nation (Thrash, South Africa, 2023)",https://mmdrecords.bandcamp.com/track/state-of-the-nation,False
Ungfell - S Chnochelid,https://youtu.be/Pk20_fnJiQM?si=CWM_yDu7SwRtfMRw,False
Convulsing - Errata,https://youtu.be/GMIvf7N5dco,False
Hengestaur - Culling Wizards [Official Lyric Video],https://youtu.be/XK3l0BTKiGQ?feature=shared,False
Krocophile - Man's Trash Is Another Man's Hentai Stash (2023),https://youtu.be/JGTbT4Y6jX0?si=zhFfHAUlMNoDJANU,False
"Funereal Presence - Wherein Achatius Is Awakened and Called Upon [USA, 2019]",https://www.youtube.com/watch?v=gPWtemX6JEw&ab_channel=FunerealPresence-Topic,False
Proscription - Thy Black Nimbus Gate (2020),https://youtu.be/Ytj4Qjwia8c?si=zgDTs4oRN9VLwNkP,False
Phobophilic - Survive in Obscurity (2022),https://rottedlife.bandcamp.com/track/survive-in-obscurity,False
Uada - The Abyss Gazing Back [2023],https://uada.bandcamp.com/track/the-abyss-gazing-back,False
"Dimmu Borgir - Alt lys er svunnet hen (Norway, 1996)",https://youtu.be/SD8A036sZes?si=GrVO2SO4U1Ep8edZ,False
"Morbid - My Dark Subconscious [Sweden, 1987]",https://youtu.be/DJQL1XmcLqc?si=JLH7VLBaMdwPTCXE,False
"Dashiem - Last Ritual Ceremony (Egypt, 2023)",https://dashiem.bandcamp.com/track/last-ritual-ceremony,False
"Spectral Temper - Velvet Astral Skin [Ireland, 2023]",https://www.youtube.com/watch?v=4GOtehZNuWo,False
Deeds Of Flesh - Inbreeding the Anthropophagi,https://www.youtube.com/watch?v=N_xJS1i4omc,False
Agent Steel - Agents of Steel [classic speed metal],https://www.youtube.com/watch?v=tdCwdfjMqHg,False
Glacier Eater - Exodus,https://www.youtube.com/watch?v=zWziydXN6T8,False
"Blasphemy - Ritual [1990, Canada]",https://youtu.be/q_ETVVDYLF8?si=MAWuj2JntMS-xYKf,False
Lord Dying - I AM NOTHING I AM EVERYTHING,https://www.youtube.com/watch?v=lCvbV8J2EVI,False
"Carnal Tomb - Embalmed in Decay {Germany, 2023}",https://youtu.be/U2MlSbYG4gg?si=5ccuWuYNDPpdM9fC,False
"Ur Draugr - Rise of the Thaumaturge [2015, Australia]",https://urdraugr.bandcamp.com/track/rise-of-the-thaumaturge,False
"Left Cross - Unhallowed Oaths [Virginia, 2023] [FFO: Grave Miasma, Antichrist Siege Machine, Pissgrave]",https://leftcross666.bandcamp.com/track/unhallowed-oaths,False
"SKELETAL THRONE - Blood On My Hands (Mexican DM; FFO Vader, Bloodbath)",https://youtu.be/Y0Rigz4DtaA?si=_PdVro0b20uZPRcP,False
Gravesend - 11414,https://youtu.be/hZ2zZGwFgDU?si=PcoAwt5m_o_Nk2E_,False
"Asgard - Prokletý Sen (Czechia, from ""Čachtická Paní Hraběnka Bathory"" demo 1995)",https://youtu.be/_2H_ZE_Mnjc?feature=shared,False
Negative Plane - The One and the Many (2011),https://youtu.be/s3iSaeXu01w?si=H0dkfZCUC7yEx07I,False
"Vestígio - Ausência [Brazil, 2023]",https://vestigiobm.bandcamp.com/track/aus-ncia,False
Hatskrømt - Fanfare [New release],https://hatskromt.bandcamp.com/track/fanfare,False
Shylmagoghnar - I Hear the Mountain Weep,https://www.youtube.com/watch?v=qNkOKjo_Qzc,False
Primordial Black - The Worm That Gnaws At Night,https://youtu.be/Z9ONdBXCSdY,False
Krypts - The Black Smoke (2013),https://youtu.be/8QQQKXZHnQE?si=p1-GhpP_bfl5ZOSX,False
"Ceremonial Death - From the Abyss [Sweden, 2023 • FFO: Runemagick, Krypts, Gorement]",https://ceremonialdeath.bandcamp.com/track/from-the-abyss,False
"Sacro - Chance of Life (2023, Paraguay) FFO: Fates Warning, Crimson Glory, Iron Maiden",https://sacropy.bandcamp.com/track/chance-of-life,False
Mephorash - 777: Third Woe,https://youtu.be/gjW_tv4wA08?si=45n3JKSZz7gcBdT1,False
"Tankard - Fistful of Love (thrash metal, Germany, 2004, FFO destruction, sodom)",https://youtu.be/eueZyvJiR4g?si=i3IG1Wkz7dZaBOTE,False
"Miner's Chalice - II [2022, US] [FFO: Minecraft]",https://abyzoubm.bandcamp.com/track/ii-5,False
"Enigma - Stars Misaligned [2016] (FFO: The Odious Construct, The Faceless, Obscura, Wretched, Virulent Depravity)",https://www.youtube.com/watch?v=3rzBOrtIqOY&pp=ygUXRW5pZ21hIHN0YXJzIG1pc2FsaWduZWQ%3D,False
Venus - The Arrythmic Pulse of Universe,https://venusscifi.bandcamp.com/track/the-arrythmic-pulse-of-universe,False
313 - Tramontane,https://tribunalrecords.bandcamp.com/track/tramontane,False
Elder - Catastasis [2022],https://beholdtheelder.bandcamp.com/track/catastasis,False
Chapel Of Disease - A Death Though No Loss (2024 Germany Death Metal),https://youtu.be/H3eYvodo75s?si=_GWF1py8AUXSvLg4,False
"Këkht Aräkh - Wanderer (2023, FFO: Judas Iscariot, Burzum, being sad, Big Keith)",https://kekhtarakh.bandcamp.com/track/wanderer,False
Valdrin - Paladins of Ausadjur,https://valdrin.bandcamp.com/track/paladins-of-ausadjur,False
"Theoria - ""Inner Tempests (feat. Alex Poole)"" (2013; Aleppo, Syria) [FFO: Blut aus Nord, Lunar Aurora, Darkspace]",https://theoria1.bandcamp.com/track/inner-tempests-feat-alex-poole,False
Tormenta - idade das trevas,https://youtu.be/NLNwqqMdCcw?si=Z_9i9WVpBGJcQRg_,False
Aara - Edo et Edam (Ich bringe hervor um aufzufressen),https://youtu.be/6Sg98_5k8dc?si=3XD5wz9SwMaOb-OD,False
Vitriol - Weaponized Loss,https://youtu.be/9gBsQywXwuc?si=FwK2duOSTQ_mkTFM,False
"Abduction - Toutes Blessent, La Derni​è​re Tue (France, 2023)",https://abductionfr.bandcamp.com/track/toutes-blessent-la-derni-re-tue,False
Void Meditation Cult - Goddess of the Waking Death,https://youtu.be/xQbMEDIC-hc?si=iD8fXVk3fJAFJBWI,False
Power From Hell - Bestial Times,https://www.youtube.com/watch?v=QPEEmpn3w1c,False
Diocletian - Plundered by Hyenas,https://youtu.be/ch_znyq6Rwk?si=J2iFQ3zUM7DOTQwe,False
Atrum Inritus - Shrine of the Black Stone,https://youtu.be/tRK_nhqNkqI?si=KmJLHh2hpfJycSka,False
Crimson Moon - Altars of Azrael,https://youtu.be/7pvAIR2bzCI?si=VQlxo_A0fvoYqG1Q,False
"Phobocosm - Infomorph [Canada, 2023] [FFO: Immolation, Dead Congregation, Ulcerate]",https://darkdescentrecords.bandcamp.com/track/infomorph,False
"Grim Reaper- Run for Your Life (UK, 1983)",https://youtu.be/-1bEpkkwdTg?si=olfho_aL5yBj8xc5,False
"Infernal Diatribe - Descended into Corruption (Portland, Maine)",https://youtu.be/dUn688YFplg?si=nHQKhwIONz2uuymM,False
NIGHTMARE - Eternal Winter (2023 Version) // Official Music Video // AFM...,https://youtube.com/watch?v=2nUcNxOveQg&si=xmo3aeOXhSm-f_Ru,False
"Soilent Green - Blessed in the Arms of Servitude [Sludge / Grind, 2008, USA]",https://youtu.be/gWRViu7P3TM?si=0i3Agsqrc79mdCoA,False
Drudensang - Hexntreyber,https://www.youtube.com/watch?v=p3zI9Ty9VGg,False
"Drawn and Quartered - Throne of Desolation (FFO: Immolation, Incantation, Dead Congregation)",https://www.youtube.com/watch?v=Vzf06xBQEsE,False
Hadopelagyal - Depravity Shall Triumph (Black/Death Germany 2022),https://hadopelagyal.bandcamp.com/track/depravity-shall-triumph,False
Demiurg - Life is a Coma,https://www.youtube.com/watch?v=ohkB21mGM5c,False
Gwoid - Durch dornige Finger,https://gwoid.bandcamp.com/track/durch-dornige-finger-2,False
SKELETAL REMAINS - Relentless Appetite,https://youtu.be/LFn884mlxVw?si=vkHu0lvmLPG13Hif,False
"Torture Rack - Ceremonial Flesh Feast (USA, 2023)",https://www.youtube.com/watch?v=z0eNzYnSc2M,False
"Creeping Death - Vitrified Earth [TX, USA - 2023] (FFO: Gate Creeper, Entombed)",https://creepingdeathtx.bandcamp.com/track/vitrified-earth,False
"Ghoul - Noxious Concoctions (2023, US)[NEW]",https://youtu.be/gqWyx9gGJ04?si=7-Rjcepn1Y0gWAVr,False
"Noisem - Rotten Remains (Baltimore, 2013)",https://www.youtube.com/watch?v=5zSfx5sgjM8,False
"Seidhr - Wrath of the Hellbitch (US, 2023 FFO: Nifelheim, Deströyer 666, Angelcorpse)",https://www.youtube.com/watch?v=KaXPpf8XC6k,False
"Cauldron Born - The Final Incantation / In the Dreaming City (FFO: Helstar, Fates Warning, Manilla Road)",https://www.youtube.com/watch?v=1PG_WrZ5-Z0,False
"Thirsting Altar - Plague Reveries [Black/Death - OR, USA - 2023]",https://thirstingaltar.bandcamp.com/track/plague-reveries,False
"Grau - Ohnmacht [Black, 2023, Germany]",https://youtu.be/uQY3vorjT3g?si=smqxzjgnx8wbctmr,False
Manimal - Master of Pain,https://youtu.be/s3vSjx4Ue1c?feature=shared,False
Grief - Virus,https://www.youtube.com/watch?v=mBlw1ziKJts,False
Accept - Metal Heart,https://youtu.be/g1HOE3FIQ7w?si=QF-yh_6J6oI4aAnq,False
"The Circle - ""Ashes and Fading Tides"" [2023 - FFO: Kardashev, Hath, An Abstract Illusion, Ne Obliviscaris]",https://www.youtube.com/watch?v=rxpPCghLDm0,False
"Mutilator - Brigade of Hate (FFO: Sarcofago, Sepultura, Sadus)",https://youtube.com/watch?v=kOBvwADmp28&si=i9yb-cj7DbcHClgt,False
Destrukt - Son of the White Mare,https://wovenhoof.bandcamp.com/track/son-of-the-white-mare,False
"Children of The Reptile - Fear the Old Blood (FFO - Mega Colossus, Eternal Champion, Thin Lizzy)",https://youtu.be/rTv5on85yzA?si=wizqMPUqqAAg8Ygl,False
Vipassi - Labyrinthine Hex,https://youtu.be/P5W1sqdcNy4?si=yGN4MSPE0mJzApsS,False
"Black Edifice - Creeping Mists of the Nethertomb (Norway, 2023, FFO: Moenen of Xezbeth, early Samael)",https://ironboneheadproductions.bandcamp.com/track/creeping-mists-of-the-nethertomb,False
Sword - Back Off,https://www.youtube.com/watch?v=9jLOhBNuVH8,False
"Heáfodbán - Urine Sun (US, 2023) [war metal/psychedelic folk]",https://northerndoom.bandcamp.com/track/urine-sun,False
"Knoll - Unto Viewing [Tennessee, 2023][FFO: Full of Hell, Portal, Dragged Into Sunlight]",https://m.youtube.com/watch?v=pgcoQIDJCB0,False
Occult Blood - Cairn of the Mage,https://youtu.be/pvIulBzo-1w?si=KZK0R7tsLZ5TKyvm,False
"Believer - Sanity Obscure [USA, 1990, FFO: Voivod, Coroner, Sacrifice]",https://www.youtube.com/watch?v=NPrR_41uMo4,False
Deathspell Omega - Phosphene,https://www.youtube.com/watch?v=yDAMWmKRFy0,False
Cytotoxin - Nuklearth (2020),https://youtu.be/8CM7lv4xN5Y?si=V8l2-M2yDv-vpSZi,False
"Question - First Fragmentation [Mexico, 2020] [FFO: Adramelech, Demigod, Blood Oath]",https://question-chaos-records.bandcamp.com/track/first-fragmentation,False
"LIK - Åkallelse [2005, FFO: Urfaust, Lönndom, Isengard]",https://www.youtube.com/watch?v=vIWki-wv1Rg,False
"Bloody Cumshot - Deflorantism (Japan, 2023, Melodic Death, FFO: In Flames, Children Of Bodom)",https://youtu.be/QHplgV8rrNY?si=9WdvtCquvfy2i7fs,False
Carnosus - Procession of Depression [Sweden - 2023],https://carnosus.bandcamp.com/track/procession-of-depression,False
Above Aurora - Path to Ruin,https://www.youtube.com/watch?v=5O7W0PttyI8,False
Dawn Ray'd - The Abyssal Plain,https://youtu.be/wvGN6SVQTW8?si=pkp0N7k3dlnFs--I,False
Devastator - Ritual Abuse (Evil Never Dies),https://www.youtube.com/watch?v=_mrigmul7ss,False
Over The Voids... - Prophet of the Winter,https://www.youtube.com/watch?v=HlttnfrhIZg,False
"10,000 Years - Lee Van Cleef",https://youtu.be/FeTfmoqruRk?si=neUumv0R_ng46R9P,False
Kvaen - Revenge by Fire,https://youtu.be/0YGSq0T_hv4?si=4UTmOSJp7Hlq-3Dv,False
Imbalance - Readymade Contraptions of Descent [Norway - 2012],https://imbalance.bandcamp.com/track/readymade-contraptions-of-descent,False
Dödsrit - Nocturnal Fire [Black/Crust],https://www.youtube.com/watch?v=u120ku6vT8o,False
"Nunslaughter - Looking Into the Abyss [Death-Thrash, 2014, USA]",https://youtu.be/BQp6_VkoDHA?si=YYXYwUbzmWng7GkV,False
"Nile - Unas, Slayer of the Gods",https://youtu.be/DV3apX4OEr8?si=M8sNuPCy0xk2QaPd,False
"Solar Temple - Those Who Dwell In The Spiral Dark [Psychadelic Black, 2018, NL]",https://www.youtube.com/watch?v=rtr2Hs7nuHw,False
"Piledriver - Sex With Satan (Canada, from ""Metal Inquisition"" 1984)",https://youtu.be/N4N6HoCk-YE?feature=shared,False
"Nothingness - Temple of Broken Swords (USA, 2023)",https://www.youtube.com/watch?v=P4RDTdmYngs,False
"Crucifixion - On the Run [UK, 1982](FFO: Virtue, Angel Witch, Raven)",https://www.youtube.com/watch?v=7ir4q371_sc,False
"Har - ""A Shadow Henosis"" (2018) [FFO: Icelandic/French black metal]",https://bloodharvestrecords.bandcamp.com/track/a-shadow-henosis,False
"Amorphous Dominion - Summoning to Ruin the 10th Pillars [Thailand, 2024] (FFO: Immortal)",https://amorphousdominion.bandcamp.com/track/summoning-to-ruin-the-10th-pillars,False
"Blood Oath - Fateful Existence [Chile, 2023] [FFO: StarGazer, Atheist, Suppression]",https://caligarirecords.bandcamp.com/track/fateful-existence,False
"Destruction - Curse the Gods (Germany, 1986)",https://www.youtube.com/watch?v=XnFL3xMoKIk,False
"Dismember - Defective Decay (Sweden, from ""Dismembered"" demo 1988)",https://youtu.be/WwCbe0Knmbw?si=j1SJ2rCf0uS4tIuT,False
Saevus Finis - Overrun by Pests,https://youtube.com/watch?v=CZ1A4CGilCY,False
Defect Designer - Insomnia,https://youtube.com/watch?v=TUck2_Fm_KA,False
"Æther Realm - The Sun, The Moon, The Star",https://youtu.be/bw3UygAi2oo?si=fVByhNnwjD8Sextq,False
Teurgia (Israel) feat Aria (Russia) - Dream genius (2021),https://www.youtube.com/watch?v=qq-Scu3iQ3E,False
"Brocas Helm - Prophet's Scream [USA, 1988](FFO: Slough Feg, Angel Witch, Omen)",https://www.youtube.com/watch?v=tA3AEW2IrVw,False
"Absu - Spectre Command [USA, 2009]",https://youtu.be/hI3g9rF3ILk,False
"Paths of Possession - Bleed The Meek [Melodic Death, 2005, USA]",https://youtu.be/hMSg8KYHxok?si=5OFBU7j09_u_peFG,False
"Demon Bitch - The Microdome [USA, 2016](FFO: Borrowed Time, Lords of the Crimson Alliance, Molten Chains)",https://demonbitch.bandcamp.com/track/the-microdome,False
"Command - Night Shapes [Sweden, 2024](FFO: Morgul Blade, Diabolic Night, Nite)",https://jawbreakerrecords.bandcamp.com/track/night-shapes,False
URNE - A Stumble Of Words (Official Visualiser),https://youtu.be/-xJ1BR8Jv8A?si=vGczOn3rV52APIHN,False
"Dissimulator - Neural Hack (Death/Thrash, Canada, 2024) (FFO: Obliveon, Voivod, Sadus)",https://www.youtube.com/watch?v=aANU43PD-Yo,False
"Midnight - F.O.A.L. (2024, USA. FFO: Venom, Motorhead, you know who)",https://midnight-ohio.bandcamp.com/track/f-o-a-l,False
Therion - Dark Princess Naamah,https://www.youtube.com/watch?v=zTBzMgR09KM,False
Acathexis - The Other [Black],https://youtu.be/sVyINqAjqGs,False
Red Moon Architect - Return of the Black Butterflies,https://www.youtube.com/watch?v=KVw55N9Nf68,False
Lair Of The Minotaur - Dark Sorcery Beyond,https://www.youtube.com/watch?v=x9X3lghoqCQ&list=FLxGVy3zXesbQk4flOC_5J8g&index=4,False
Hannes Grossman - Engraved In Their Shrouds (FFO: Necrophagist),https://www.youtube.com/watch?v=X9E236pdwrc,False
Belphegor - Sexdictator Lucifer,https://youtu.be/9dAe-a-2Oa0?si=f-R8jUFeHnsL5B2x,False
"Arcturus - Shipwrecked Frontier Pioneeer (2005, NOR)",https://www.youtube.com/watch?v=CX9dxLmrm8Q,False
"Khors - Perseverance Is The Essence [Ukraine - 2024] (FFO: Drudkh, Nokturnal Mortum)",https://khors1.bandcamp.com/track/perseverance-is-the-essence-forever-25-single,False
"Rotten Tomb - Psychopathic World (Chile, FFO: Immolation, Grave Miasma, Dead Congregation)",https://rottentomb.bandcamp.com/track/promo-2023,False
[Atmospheric Black Metal / DSBM] Wax Portrait - Feed the Birds my Bones,https://wax-portrait.bandcamp.com/track/feed-the-birds-my-bones,False
"Abhoria - The Inexorable Earth (US, 2024)",https://abhoria.bandcamp.com/track/the-inexorable-earth,False
"Etoile Filante - Fragments de Poseidonis (Cosmic BlackMetal, France, 2024)",https://www.youtube.com/watch?v=D0Njo_SJxWg&ab_channel=BlackMetalPromotion,False
Siriasis - [にゃんこ大戦争] Into The Future: Moon [ Symphonic Metal ],https://www.youtube.com/watch?v=GAoSuRyJTTM&ab_channel=TribalRecords,False
Goddamn Gringos - Gnarled Remains of Decency,https://goddamngringos.bandcamp.com/album/gnarled-remains-of-decency,False
"Hasturian Vigil - Apparitions of Torment [2024 / Ireland | FFO: Mortuary Drape, Zemial, Negative Plane, Heavy Metal influenced Black Metal] [New Release]",https://www.youtube.com/watch?v=Mc-AoSLdKYU,False
"Guyođ - Watcher in the Dark (2023, AT)",https://guyod.bandcamp.com//track/watcher-in-the-dark-2,False
"Oxygen Destroyer - Possessing the Putrified Remnants of the Unholy God Incarnate (USA, 2021)",https://www.youtube.com/watch?v=xkya3I05d4I,False
"Necrowretch - Swords of Dajjal [France, 2024] [FFO: Necrophobic, Dissection, Merciless]",https://necrowretch.bandcamp.com/track/swords-of-dajjal,False
Crypta - Trial of Traitors [Brazil - 2023],https://cryptabrazil.bandcamp.com/track/trial-of-traitors,False
"Christ Denied - The Blasphemous Reflections of a Disbalanced Paranoid in the Corridor of Death, Sentenced by an Unjust Charge of Child Molestation (Spain, 2000, FFO: Avulsed, Lividity, Mortician)",https://www.youtube.com/watch?v=3_jr4HI2sRI,False
Out of Existence - Emma Ruth Rundle & Thou,https://music.youtube.com/watch?v=5GPcGU2B-FA&si=X1d_h-m2FTd_VxAZ,False
"Excoriate - Bestial Slaughter (2009, Germany. FFO: Repugnant, early Sepultura, Beyond, angry death metal)",https://excoriate-death-metal.bandcamp.com/track/bestial-slaughter,False
Vessalius - A Bleeding Soul in a Bleeding World,https://music.youtube.com/watch?v=QD6o5_fWmAk,False
Samael - Celebration of the Fourth,https://youtu.be/0l8sGi1BFJU?si=V8PVJXzchyN9bBum,False
Knoll - Mereward,https://www.youtube.com/watch?v=qk_GrVyFJGk,False
Borknagar - Moon,https://www.youtube.com/watch?v=8Qqv3yIOYfc,False
"Cabinet - Hydrolysated Ordination [March 2024 - FFO goregrind, brutal death, woodworking]",https://bloodymountainrecords.bandcamp.com/track/hydrolysated-ordination,False
"Darkened - 1000 Years (Death Metal, 2020)",https://youtu.be/9VXm5WyiVa4?si=82mk61gJXp4hPnqn,False
Týr - Axes,https://www.youtube.com/watch?v=jqyNlLrRfzA,False
Witchgrinder - Dead by Dawn,https://www.youtube.com/watch?v=b7BONW2zZ0k&ab_channel=Witchgrinder-Topic,False
"Contaminated - Feral Demise(2024, Death Metal, Australia. FFO: Ascended Dead, Undergang, Abhorrence, early Tomb Mold)",https://bloodharvestrecords.bandcamp.com/track/feral-demise,False
"Sanguine Imperator - Vashanesh [Arizona, 2024] [FFO: Bolt Thrower, Malignant Altar, Nocturnus]",https://sanguineimperator.bandcamp.com/track/vashanesh,False
"Alkuharmonian Kantaja - Oceans Of Senses (2021, FIN, Avant-garde, FFO: Ved Buens Ende)",https://i-voidhangerrecords.bandcamp.com/track/oceans-of-senses,False
Imperial Triumphant - Swarming Opulence (Redux 1924),https://youtu.be/ijaePLLK6oM,False
"Petrification - Twisted Visions of Creation [USA, 2024] (FFO: Autopsy, Coffins, Rippikoulu)",https://youtu.be/hzg7l7iN_dc?si=p4gAtfZgiWBlixlx,False
Gurney - The Creeper,https://youtu.be/OnJmTQLQe40?si=hYd-AiBWQiqSCPF4,False
Be'lakor - Outlive The Hand,https://youtu.be/sxY4W5Zt_98?si=tXc5QOC4d4l4mOJ5,False
Askon - Blackened Forest,https://youtu.be/iGPgE4pqL8s?si=Qz_sZOhhZIpQttP4,False
Ghidrah - There is no hell,https://youtu.be/M_bp50hcE94?si=erB-HauoV85rTbkl,False
"Artgore - Décadence [Death Metal, Groove Metal]",https://www.youtube.com/watch?v=eUMlFtaW0r8,False
"Nachash - Death's Mordant Blaze [Norway, 2024] (FFO: Master's Hammer, Varathron, Sacriphyx)",https://nachashband.bandcamp.com/track/deaths-mordant-blaze,False
"Stygian Crown - Bushido [California, 2024] [FFO: Sorcerer, Candlemass, Solitude Aeturnus]",https://stygiancrown.bandcamp.com/track/bushido,False
Tombstoner - Rot Stink Rip,https://youtu.be/HG74IEtIMRA?si=IL2kmFx_DAKFsZ9b,False
"Heresiarch - Gloryless Execution [New Zealand, 2024] [FFO: Diocletian, Tetragrammacide]",https://www.youtube.com/watch?v=-XIR_IAp_jg,False
Wings - Jerangkung Dalam Almari (1991) | Malaysian Rock/Metal Band,https://www.youtube.com/watch?v=SYh1T1XVJLo,False
"Parabellum - Engendro 666 (Colombia, from ""Sacrilegio"" EP 1987)",https://youtu.be/EREalUqRF5g?si=qesI7rILWi4l_c9R,False
Drastus - Resonance of Naught,https://youtu.be/84Qj4dr2MGk?si=8vW_6W8hI-N1R6LX,False
Black Dust - Caverns (From Future) [2024 Death Metal],https://blackdustdm.bandcamp.com/track/caverns-from-future-2,False
"Helms Deep - Mountains of the Scorpion [Florida, 2023](FFO: Raven, Attacker, Savatage)",https://helmsdeep666.bandcamp.com/track/mountains-of-the-scorpion,False
"Chainsword - Sinistramanus Tenebrae [Death, 2024, Poland]",https://www.youtube.com/watch?v=9h4StDLxpJg,False
"Dolmen Gate - Chambers of Magic [Portugal, 2024](FFO: Ravensire, Twisted Tower Dire, Omen)",https://www.youtube.com/watch?v=skaTgbqfn7k,False
"Triumpher - Mediterranean Wrath [Greece - 2023] (FFO: Manowar, Sacred Outcry)",https://triumpher.bandcamp.com/track/mediterranean-wrath,False
"Selbst - Chant of Self Confrontation [Venezuela, 2024] (FFO: Mgla)",https://youtu.be/ORC16Xqg_Pc,False
"Anhedonist - Estrangement [Washington, 2012](FFO: Mortiferum, Disembowelment, Spectral Voice)",https://darkdescentrecords.bandcamp.com/track/estrangement,False
Nuclear Tomb - Terror Labyrinthian,https://www.youtube.com/watch?v=u-i3bqAvNbE,False
Gärgäntuäh - Doodschwensch,https://gargantuah.bandcamp.com/track/doodschwensch,False
Müür - Grief Ascension (Amaranthine Flame),https://mueuereueum.bandcamp.com/track/grief-ascension-amaranthine-flame,False
"By Fire and Sword - Leave a Little Room [Idaho, 2023](FFO: Blue Öyster Cult, Children of the Reptile, Visigoth)",https://byfireandsword.bandcamp.com/track/leave-a-little-room,False
"Shit - On the Wings of Extermination (Mexico, 2015)",https://www.youtube.com/watch?v=ziQyFOjG8lk,False
"Attentat Rock - Guerrier de la Nuit [France, 1984](FFO: H-Bomb, Malediction, Sortilège)",https://www.youtube.com/watch?v=MklrLQZrsLo,False
"Pentagram - The Malefice (Chile, from ""Demo #2"" 1987)",https://youtu.be/D0yqn-wEtCE?feature=shared,False
"Hollow Woods - Burial Fires (2024, Finland)",https://hollowwoods.bandcamp.com/track/burial-fires,False
Chaos Invocation - In Bloodline With The Snake,https://youtu.be/Bx7suyfo-oM?si=R1cE80s_KW1b3A42,False
"Mean Mistreater - Forget It [USA, 2024] (FFO: Satan's Hallow, Tower, Agony & Opium era Christian Mistress)",https://youtu.be/Tbs-5qvhmF4?feature=shared,False
Merciless - Pure Hate,https://www.youtube.com/watch?v=S7l1tJKF8a0,False
"Nekrofilth - Highball Nightmare [Oregon, 2023](FFO: NME, Repulsion, Slaughter)",https://nekrofilth.bandcamp.com/track/highball-nightmare,False
Dark Tranquillity - The Gallery,https://www.youtube.com/watch?v=PtwF7nw3c_w&ab_channel=DarkTranquillity-Topic,False
"Keres - Exist for War (Italy, 2024)",https://youtu.be/RY3v9lnVD34,False
"Konfession - Aroused by a Waning Moon (2023, AUT, FFO: Bathory, Darkthrone)",https://konfession-iec.bandcamp.com/track/aroused-by-a-waning-moon,False
"Horndal - Blacklisted (Sweden, 2024)",https://horndal.bandcamp.com/track/blacklisted,False
Invocator - From My Skull it Rains 1993,https://youtu.be/1cD7-kJGlfk?si=TFt59hggpiCmveom,False
"Hands of Goro - Demonizer [California, 2024](FFO: Illegal Bodies, The Lord Weird Slough Feg, Dawnbringer)",https://handsofgoro.bandcamp.com/track/demonizer,False
Strayn - Colias Erate,https://youtu.be/gVq5gEUIGKs?si=dlJdBrMYhhFDipGL,False
Monovoth - Collision of Souls [Argentina - 2024] (FFO: Mizmor),https://monovoth.bandcamp.com/track/collision-of-souls,False
Goat Rider - Devil Vampire,https://youtu.be/T4_fG_fehMo?si=_yIck4WOB6aaBLYK,False
"Boarhammer - Behold Those Fell Candles [Germany, 2024] (FFO: Weird, unique, nature-themed black metal)",https://www.youtube.com/watch?v=8qdV5ea2N8I,False
"Bonehunter - Devil Metal Punks [Finland, 2015] (FFO: Midnight, Venom, Abigail)",https://www.youtube.com/watch?v=eJvSKzdz9YI,False
"Slimelord - Gut-Brain Axis [England, 2024] [FFO: Worm, Spectral Voice, Ulthar]",https://20buckspin.bandcamp.com/track/gut-brain-axis,False
"Critical Defiance - Absolüt (Chile, 2024)",https://dyingvictimsproductions.bandcamp.com/track/absol-t,False
"Sarpanitum - Malek al-Inkitar (2015, UK)",https://sarpanitum.bandcamp.com/track/malek-al-inkitar-2,False
"Early Moods - Walpurgis (USA, 2024; FFO: Pentagram, Black Sabbath)",https://earlymoods.bandcamp.com/track/walpurgis,False
"Savage Oath - Knight of the Knight (FFO: Sumerlands, Visigoth, Manilla Road)",https://savageoath.bandcamp.com/track/knight-of-the-knight,False
"Scathanna Wept - Her Madness Reigns (Black Metal, South Africa, 2024)",https://www.youtube.com/watch?v=Fa4wHvuipOE,False
Veneficus Sarcina - Hellenistic Ecstasy (2024; Blackened Glam/NWOBHM),https://youtu.be/zWL0Q6O2mEU,False
Deathchain - The Lion-Head,https://www.youtube.com/watch?v=s1k8rh2ArsQ,False
"Friends of Hell - Gran Inquisitor (FFO: Witchfinder General, Pentagram)",https://www.youtube.com/watch?v=iETbo3pNK8Q,False
"Ecocide - Terror From Beyond (Oldschool Death, The Netherlands)",https://youtu.be/EWwBClHRYPw?si=4UVLnvIzXj8uhrms,False
"Red Rot - Greatest Failure (2022, USA/ITA, FFO: Botanist, Ephel Duath)",https://redrotmetal.bandcamp.com/track/greatest-failure,False
"Seven Spires - ""Almosttown"" - Official Music Video",https://youtu.be/XdhDdVUwLZc?si=S-y5RZXeadNNeaKi,False
Pharmacist - Clinical Tremor,https://pharmacistgore.bandcamp.com/track/clinical-tremor,False
Castle Rat - “Fresh Fur” (Official Music Video),https://www.youtube.com/watch?app=desktop&v=xp-8USQQc1Q,False
"Severe Torture - The Death of Everything (NL, 2024, FFO: Cannibal Corpse, Deeds of Flesh, Dying Fetus)",https://severetorture.bandcamp.com/track/the-death-of-everything,False
"Witch Vomit - Black Wings of Desolation (2024, US. FFO: Incantation, Vastum… Sacramentum?)",https://youtu.be/ryznR9RCdj8?si=MqbLOsp_qMQd8Tup,False
Styrchnos - Horror Sacred Torture Divine,https://www.youtube.com/watch?v=2TzUc3_qRkA&list=OLAK5uy_nTpIdXIt8QWO_V7P-imXNjon-n3IwViiY,False
Buzzov*en - Junkie (Lynyrd Skynyrd Cover),https://www.youtube.com/watch?v=RjcrkTaVqJs&list=LL&index=4,False
Fragmentary Solid Abyss - Deep Gaze into the Flames of Hell & The King's Feast,https://www.youtube.com/watch?v=Pr914Nmw3pU,False
"Nekroza - Crkotine (2024, Death metal)",https://www.youtube.com/watch?v=hYJRZ0lHugE,False
"Possessed - Storm In My Mind (USA, from ""The Eyes Of Horror"" EP 1987)",https://youtu.be/V3mkqyxVLo4?feature=shared,False
"Innsmouth - Thrice Blessed Shug Niggurath [Australia, 2014] (FFO: Sacriphyx, Cauldron Black Ram, hints of early Sentenced)",https://www.youtube.com/watch?v=5rhTNZet0AY,False
"P.L.F. - Page by Page (Assuck cover) [USA, 2014] (FFO: Gulf coast Grind a la Insect Warfare)",https://www.youtube.com/watch?v=1R-cmg5yDvo,False
DVNE - Plērōma,https://www.youtube.com/watch?v=CIbL05m6VWQ,False
"Funeral Leech - Ceaseless Wheel of Becoming (United States, 2024, FFO: Asphyx, Hooded Menace, Temple of Void)",https://carbonizedrecords.bandcamp.com/track/ceaseless-wheel-of-becoming,False
"Wardra - Тот, кто видел (The One Who Saw), (Russia, 2024, FFO: Jassa, Hate Forest, Precambrian)",https://onismproductions.bandcamp.com/track/the-one-who-saw,False
"Obscene - Bless the Giver of Oblivion [Indiana, 2020](FFO: Brutality, Pestilence, Molder)",https://obscenedeathmetal.bandcamp.com/track/bless-the-giver-of-oblivion,False
Arche - Transitions [Finland - 2022] (FFO: Mournful Congregation),https://archefin.bandcamp.com/album/transitions,False
Ophis - The Perennial Wound,https://www.youtube.com/watch?v=GZcwyFKp0EA,False
"Regere Sinister - Typhaeon [Finland, 2024] (FFO: Xantotol, Necromantia)",https://nuclearwarnowproductions.bandcamp.com/track/typhaeon,False
"Writhen Hilt - To Rival The Sun [Germany, 2024](FFO: Warlord, Atlantean Kodex, Quicksand Dream)",https://writhenhilt.bandcamp.com/track/to-rival-the-sun,False
Posthumous Regurgitation - Corpse Pus Pâté,https://youtu.be/Fljcfzk84Qw?si=iV1_kin8ZTtrNUaI,False
Arak’n Asrafokor - Angry God Of Earth (2024),https://youtu.be/XZmVGgRnZCA?si=yVOOwgrYkX_N7XxP,False
Downward Spiral - Packs of Wolves (2019) [Black/Punk],https://youtu.be/_bIQji_yHy4?si=BCksERAKkLLKGPrI,False
"Dödsrit - Celestial Will (Sweden, 2024)",https://dodsrit.bandcamp.com/track/celestial-will,False
"Haunt - Send Me An Angel (Thrice cover) (2024, FFO: Angel Witch, Cauldron, Traveler)",https://hauntthenation.bandcamp.com/track/send-me-an-angel-2,False
"Replicant - Acid Mirror [USA, NJ - 2024] (FFO: Artificial Brain, Pyrrhon, Chthe'ilist)",https://replicantband.bandcamp.com/track/acid-mirror,False
"Pallbearer - Where The Light Fades [doom metal; FFO: Black Sabbath, Warning]",https://pallbearer.bandcamp.com/track/where-the-light-fades,False
"Phlebotomized - Desecration of Alleged Christian History (1994) [FFO: Nocturnus, OSDM with keyboards]",https://www.youtube.com/watch?v=FfCcemTxJ2M,False
"Earthly Form - The Sufferings of the Universe Part II [2024, Finland]",https://earthlyform.bandcamp.com/track/the-sufferings-of-the-universe-part-ii,False
"Ju Wu Xing - 三思吉 (feat. traditional folk-singer He Jinhua, 2023, CN)",https://www.youtube.com/watch?v=S_DszdIu-zE,False
"Whiplash - Power Thrashing Death (USA, 1986)",https://youtu.be/V6xtDuof0VE?si=Eg2p0sSLpluZZXLe,False
Master’s Hammer - Pád modly (1991),https://youtu.be/MWLQNlr5MQA?si=9hfTB7CYYhCexKg2,False
Vulture - Realm of the Impaler,https://www.youtube.com/watch?v=uZszxnLUy34,False
Necrot - Drill the Skull (2024),https://www.youtube.com/watch?v=6uosg6DDUl4,False
"Antichrist Siege Machine - Vanquishing Spirit [USA, 2024] (FFO: Lihhamon, Heresiarch)",https://youtu.be/8iTXiTrvlBM,False
Kvelja - Sukk [Iceland - 2022],https://kvelja.bandcamp.com/track/sukk-2,False
Mean Mistreater - Razor Wire,https://www.youtube.com/watch?v=NvVA8tkCGg0,False
"Apokalyptic Raids - Satan Laughs [Brazil, 2018]",https://youtu.be/CkKmre0Cyvk?si=NqbNqkQPysrMwr5r,False
"Apocalypse - Stormchild [England, 1982](FFO: Saracen, Marquis de Sade, Legend)",https://www.youtube.com/watch?v=8lhN3Hpbo2k,False
"Primitive Warfare - Nuclear Regression (USA, 2024)",https://stygianblackhand.bandcamp.com/track/nuclear-regression,False
Vaticinal Rites - Plead For Termination [ death metal ],https://everlastingspewrecords.bandcamp.com/track/plead-for-termination,False
"Exhumation - Pierce the Abyssheart [Indonesia, 2024] (FFO: Obliteration, Ensnared)",https://www.youtube.com/watch?v=SQvu7l41z5g,False
"Ecclesia - Ereptor Verae Fidei (France, 2024)",https://ecclesia-official.bandcamp.com/track/ereptor-verae-fidei,False
Gates of Ishtar - Battles To Come,https://youtu.be/Xv0PW17Wp9A?si=KqVO96ICoCx6st6V,False
Wormwitch - Rayonnant Banners [Black/Crust],https://www.youtube.com/watch?v=PU9VYnQ4fBo,False
Allegaeon - Iridescent [Tech Death] (Ezra back on Vox),https://www.youtube.com/watch?v=r-z2OxSUzWI,False
Sonata Arctica - Dark Empath,https://m.youtube.com/watch?v=I_aQCA02dVw,False
"Green Inferno - Carried To The Pit [USA, NJ - 2023]",https://greeninfernoband.bandcamp.com/track/carried-to-the-pit,False
"Primordial - Sunken Lungs (FFO: Woods of Ypres, Be'lakor, songs with a lot of ride bell)",https://youtu.be/9WeU_wh8HUA?si=Zd_yAQNjewzZabO1,False
"Dvne - Abode Of The Perfect Soul [2024, Progressive Sludge/Post-metal, FFO: The Ocean]",https://www.youtube.com/watch?v=q9Nn7UZl39s,False
"Leviathan - At the Door to the Tenth Sub Level of Suicide (USA, 2003)",https://youtu.be/NuBw6AYVFOg?si=0DqH2_34MsyRwwIF,False
Gorgatron - Conduit of Pain,https://youtu.be/oQUEgko_Ya0?si=i0m2xPNLhAp1Ps9R,False
"Helstar - The King Is Dead [Texas, 1988](FFO: Agent Steel, Cauldron Born, Destiny's End)",https://www.youtube.com/watch?v=h3-pmTIBrF0,False
Satan Divine - Lord Belial,https://www.youtube.com/watch?v=yMdDlE_6u1A,False
"Sword - F.T.W. (1986, CA, FFO: Judas Priest, Megadeth, W.A.S.P.)",https://www.youtube.com/watch?v=ETThzcbq0kI,False
"Draghkar - The Last Dreamer [2024, Death Metal, Seattle, WA, from split with Helcaraxë]",https://namelessgraverecords.bandcamp.com/track/the-last-dreamer,False
"Mortuary Drape - Primordial (Italy, from ""All The Witches Dance"" 1994)",https://youtu.be/FVKE40VRa7I?si=IBNne_KW9RJa7Db8,False
Devil Master - The Vigour of Evil,https://www.youtube.com/watch?v=NkV_rYqXGzk,False
Horseburner - The Gift,https://youtu.be/v2jlaNbWWrg?si=mONCNao4DaRYIQgs,False
"Diabolic Oath - Serpent Coils Suffocating the Mortal Wound [Oregon, 2024] [FFO: Teitanblood, Black Curse, Impetuous Ritual]",https://diabolicoath.bandcamp.com/track/serpent-coils-suffocating-the-mortal-wound,False
Adversarial - Merging Within the Destroyer,https://youtube.com/watch?v=uEUk0oxq35M,False
"Altar of Gore - Carrion Womb [New Jersey, 2024](FFO: Siege Column, Archgoat, Impetigo)",https://altarofgore.bandcamp.com/track/carrion-womb,False
"Nokturnal - Dagger of Will [Indonesia, 2024] (FFO: Exhumation, Speglas, In Solitude)",https://pulverised.bandcamp.com/track/dagger-of-will,False
Givre - Sainte Hildegarde de Bingen (1098-1179),https://youtube.com/watch?v=5Mvc2yn3OE4,False
"Cardiac Arrest - Victims to the Blasphemy [Illinois, 2024](FFO: Funebrarum, Cianide, Pentacle)",https://www.youtube.com/watch?v=U_sduTRYUkM&list=OLAK5uy_n2LIDJ71uU-l8BBLfK4EwijIP5b6kzbJg&index=2,False
Crypt Sermon - Heavy is the Crown of Bone [NEW 2024],https://youtu.be/h1Qda6oc4ZM?feature=shared,False
Selbst - La Encarnación de Todos los Miedos [Black],https://www.youtube.com/watch?v=TTK_XMHgcyg,False
"Morgul Blade - Beneath the Black Sails [Pennsylvania, 2024](FFO: Nite, I, Eternal Champion)",https://www.youtube.com/watch?v=n8T8JeVDovo,False
Gatecreeper - Masterpiece of Chaos,https://gatecreeper.bandcamp.com/track/masterpiece-of-chaos,False
"NUCLEAR TOMB - Terror Labyrinthian (FFO Pestilence, Voivod, Ripper, Suppression, Miscreance)",https://m.youtube.com/watch?v=u-i3bqAvNbE&pp=ygUMbnVjbGVhciB0b21i,False
Snow White (U.S Alaska) - New Messiah,https://youtube.com/watch?v=4aoUBmDsjzY&si=YFlmUhGhBIGN0nnX,False
"Orphean Passage - Her Wounds Cannot Be Seen (Doom, South Africa, 2024)",https://orpheanpassage.bandcamp.com/track/her-wounds-cannot-be-seen,False
"Coffin Curse - Primitive Doctrines Crushed [Chile, 2024] [FFO: Immolation, Inanna, Deicide]",https://coffincurse.bandcamp.com/track/primitive-doctrines-crushed,False
"Desexult - Ground Zero (Denmark, from ""S.O.D.F.O.A.D."" demo 1986)",https://youtu.be/SIEhNOs9oDY?si=ynYljI_fZIOee9c7,False
200 Stab Wounds - Hands of Eternity,https://www.youtube.com/watch?v=XFXpErW4OzI,False
Pallbearer - Endless Place (Official Music Video),https://www.youtube.com/watch?v=2bA3ygVT0q4,False
"Verwoed - The Mother [Black, 2024, Netherlands. FFO: Fluisteraars, Turia, Iskandr]",https://verwoed.bandcamp.com/track/the-mother,False
THANATOTHERION - Nuclear Womb (New Black-Thrash project w/ members of Ulthar & Black Fucking Cancer),https://youtu.be/rOxg61a25M0?si=7yaxQJIheP1bavA-,False
Revenge - Salvation Smothered (Genocide Of Flock),https://youtu.be/NtX2tU3vYps?si=21VxtN2nHDUT7fb9,False
"Night Shall Drape Us - ""The Queen of the Red Streams"" (Official Music Video) 2024",https://youtu.be/8SPBPYlkmWo?si=V1WuswAlxYGl7WEj,False
"Citron - Zase dál (1987, CZ, FFO: King Diamond, Saxon, Scorpions)",https://www.youtube.com/watch?v=NlCz_Mue8bo,False
Abyssal - Oneirodynia (Ipatiev II) [UK - 2023],https://abyssal-home.bandcamp.com/track/oneirodynia-ipatiev-ii,False
"Tyrann - Alltid Rött Alltid Rätt [Sweden, 2023](FFO: Century, Heavy Load, Gotham City)",https://electricassaultrecords.bandcamp.com/track/alltid-r-tt-alltid-r-tt,False
BLOODY RUN - Blood Will Have Blood (Music Video),https://youtu.be/vmhy_NsXX6Q?si=UXpRy9YPEMuJxoZj,False
Melechesh - Deluge of Delusional Dreams,https://youtu.be/o8iIB4J09Ds?si=7ezZ0H6uE6FTl_8H,False
DIABOLIC OATH - Winged Ouroboros Mutating Unto Gold (Track Premiere),https://youtu.be/KMPMsgqcEaA?si=zwoH2ZhxteSGSm5c,False
"Gevurah - Memento, Homo... [Canada - 2022] (FFO: Aosoth, Svartidauði)",https://gevurah.bandcamp.com/track/memento-homo,False
Kerath - I [2023 Grindcore / Jazzcore],https://www.youtube.com/watch?v=0imxAn50VxU,False
Tzompantli - Chichimecati,https://20buckspin.bandcamp.com/track/chichimecatl,False
DAATH - Day Of Endless Light (OFFICIAL VIDEO),https://youtu.be/pn_aQwQUs2M?si=OFPjVvrK64yxbRix,False
Nunslaughter - Cryptic Aeon (Live at Market Hotel),https://youtu.be/KLyPpeFqIaE?si=g4gVw-OoUnn6EwUX,False
Ludichrist - And So It Goes,https://www.youtube.com/watch?v=9kDig4qpy0I&t=183s,False
Deus Mortem - The Soul of the Worlds,https://youtu.be/r3nl0ZhyYxY?si=uhMrByvOWiDSJgxX,False
Hyperdontia - Death’s Embrace [Death Metal],https://darkdescentrecords.bandcamp.com/track/death-s-embrace,False
"Vertebra Atlantis - Drown In Aether, Sovereign Of Withered Ardor [Black/Death. Italy. 2023]",https://i-voidhangerrecords.bandcamp.com/track/drown-in-aether-sovereign-of-withered-ardor,False
"Ten Ton Slug - Mallacht an tSloda (Ireland, 2024)",https://tentonslug.bandcamp.com/track/mallacht-an-tsloda,False
"Naxen - Our Souls Shall Forever Fall (black metal, Germany)",https://www.youtube.com/watch?v=yqkLsgBpetY,False
"Lowen - Najang Bah Divhayeh Mazandaran [England, 2024] [FFO: Akercocke, Unleash the Archers, Sleep]",https://youtu.be/Bo8djbB0vOY?si=uu8_FyUupshG5fQj,False
Satanic Funeral - Heretic (US 2006),https://youtu.be/wVnD4kK_pb4?si=378sISKhMkFZYo5P,False
Kayo Dot - Manifold Curiosity [FFO: chaotic post metal | Warning: abrupt loud volume peaks],https://www.youtube.com/watch?v=SkOcV2j_RF4&pp=ygUba2F5byBkb3QgbWFuaWZvbGQgY3VyaW9zaXR5,False
"Order from Chaos - Power Elite [Missouri, 1992] [FFO: Angelcorpse, Ares Kingdom, Sadistik Exekution]",https://nuclearwarnowproductions.bandcamp.com/track/power-elite,False
1349 - Ash of Ages,https://youtube.com/watch?v=aSPgKepXnbA,False
SECT - New Low,https://youtube.com/watch?v=LJCS5ylRKzM,False
Phantom - Transylvanian Nightmare,https://www.youtube.com/watch?v=VmBGsOsrlNY,False
Severe Torture - The Pinnacle of Suffering (2024),https://www.youtube.com/watch?v=HI4-HdcJEJM,False
"Aquilus - Into the Earth [2024 - Neoclassical Black/Folk - FFO: Opeth, Agalloch]",https://www.youtube.com/watch?v=suMUr1N8hdM,False
Coroner - Tunnel of Pain,https://youtu.be/hwTG5-NshUE?si=Ur5_s7hK7XLUs6fb,False
"Portrait - The Blood Covenant (2024, Sweden. FFO: Mercyful Fate, King Diamond, surprise blast beats)",https://youtu.be/8UZMC8whXxg?si=XQlLJ6V-zw7PTc5A,False
"Zygoatsis - Black-Forced Khaostorms [Thailand, 2011] (FFO: Bestial Raids, Necroholocaust)",https://deathrasharmageddon.bandcamp.com/track/black-forced-khaostorms,False
"Alburnum - The Withered Roots of Reality [Black, 2024, Netherlands. FFO: Black'n'roll]",https://alburnum.bandcamp.com/track/the-withered-roots-of-reality,False
"Wraith - Heathen's Touch (Thrash, U.S.A.)",https://www.youtube.com/watch?v=QuW1Vh_rRgE,False
Thou - Unbidden Guest (new release),https://youtu.be/5Ud1PECpSnk?si=havPQv3BpyeP1M1p,False
PRIMITIVE WARFARE - IRON SIGHT OMNIPOTENCE (2024 PURE AUDIAL HOMICIDE),https://godzovwarproductions.bandcamp.com/track/iron-sight-omnipotence,False
"Surgeon - The Chance is Gone [1991, Germany. FFO: Rage, Helloween]",https://www.youtube.com/watch?v=Si0AXWPKoJo,False
Wrakjon - A Guiding Light (New Release),https://www.youtube.com/watch?v=KjepWG43_YA,False
"Blaspheme - Orgie romaine [France, 1985](FFO: Sortilège, ADX, High Power)",https://www.youtube.com/watch?v=u64nNzFWB84,False
"Seeping Protoplasm - Crush Your World (2023, JP, FFO: Old school DM, Pungent Stench, Fleshcrawl)",https://dismantlechiba.bandcamp.com/track/intro-crush-your-world,False
Omegavortex - Netherworld Descendant,https://youtu.be/NnR-hBlowTw?si=cmYhmbChkFnUYiUk,False
"Decalius - A Miserable Life... (Final Version)[FFO: Këkht Aräkh, Lo-Fi Production]",https://youtu.be/gKKFKlTN3Ws?si=x0UeK90b1qpgHj3s,False
"Pectora - Twilight Knights (Denmark, 2024)",https://pectora.bandcamp.com/track/twilight-knights,False
Divine Apocalypse - Waves of Black,https://www.youtube.com/watch?v=7M5braeUDCE,False
"Forced Entry - Bone Crackin' Fever (1991, USA)",https://youtu.be/Wu4g9s5miAQ?si=AxX3_bluMVa9tC1i,False
Rigor Mortis - Slow Death,https://m.youtube.com/watch?v=IjM2oHtPDdE&pp=ygUXcmlnb3IgTW9ydGlzIHNsb3cgZGVhdGg%3D,False
"Weakling - Desasters in the Sun (USA, 2000)",https://youtu.be/a7mdW8SeD_c?si=CzjT6uhAF2BWXizX,False
"Desolus - The Invasion Begins (USA, 2024) (FFO: Sodom, Kreator, Sadus)",https://youtu.be/HNzvwQGF46M?si=-4KJRNWwqULg1tec,False
"Absit Omen - Era of Uncertainty [Philippines, 2024] (FFO: Kreator, Merciless)",https://witchesbrewthrashes.bandcamp.com/track/era-of-uncertainty,False
"Ave Maria - Impulses from the Sphere of Broken Larynx (Germany, 2011)",https://www.youtube.com/watch?v=j8vBXi2VYNg,False
"High Spirits - Full Power (USA, 2011)",https://www.youtube.com/watch?v=2aOS2Ah6nWA,False
"Demonslaught 666 - Phantom Witch [2024, China]",https://www.youtube.com/watch?v=90UPKtG8oAE,False
SIK - The Awakening,https://youtu.be/vJS_2U6ZXG0?si=pc7XlDRXdFXSZ4Rv,False
"Life - Eleven [2020, USA, FFO: Kayo Dot, Sadness, Deafheaven]",https://www.youtube.com/watch?v=OGueL_iy574,False
"Ulcerate - To See Death Just Once [New Zealand, 2024]",https://youtu.be/UgpXvSzaqjo,False
Raat - Ad Astra [India-2023-atmospheric black],https://raat.bandcamp.com/track/ad-astra,False
Final Breath - Eyes Of Horror,https://www.youtube.com/watch?v=1WEt9AQs2YY,False
Bat - Revenge of the Wolf,https://www.youtube.com/watch?v=JyQn6Htt4Pc,False
Svdestada - Amargor [Spain Blackened/Crust],https://www.youtube.com/watch?v=6fvN7xR289Y,False
Engulfed - Voidwalker's Dominion,https://www.youtube.com/watch?v=NHiXYovc40c,False
1945 - From Hell,https://www.youtube.com/watch?v=16pGfDSpu94,False
"Victory Over the Sun - Madeline Becoming Judy [2023, FFO: Dissonant/Proggy Black Metal]",https://www.youtube.com/watch?v=86GOF0cGvgI,False
Hemotoxin - When Time Becomes Loss,https://pulverised.bandcamp.com/track/when-time-becomes-loss,False
Exist - Frog Bomb,https://youtu.be/9mppLpSiDuU?si=s2w1GoV9LHPm8YGB,False
"Non Opus Dei - ""Pustka Twoja we mnie"" [2015]",https://www.youtube.com/watch?v=Qkm3w6gWtGg&pp=ygUZbm9uIG9wdXMgZGVpIHB1c3RrYSB0d29qYQ%3D%3D,False
"Void - Ego Tranquilizer [UK, 2011]",https://www.youtube.com/watch?v=6wQtwI57Uys,False
"Anciients - Melt The Crown (Canada, 2024)",https://www.youtube.com/watch?v=dSFQOWH9KXQ,False
"Conan - Horns for Teeth [UK, 2014]",https://www.youtube.com/watch?v=LddHMY834nI&ab_channel=Conan-Topic,False
NIGHTWISH - Perfume of The Timeless,https://www.youtube.com/watch?v=oHCaZmIzr0o&ab_channel=Nightwish,False
"Licht Erlischt... - Whore Alley [2012, Germany]",https://hornlichterlischt.bandcamp.com/track/whore-alley,False
Moral Putrefaction - Divided (Death Metal - India - 2024),https://www.youtube.com/watch?v=ZsntnzpWYHM,False
Gore Force V - Superior Mating Rituals,https://www.youtube.com/watch?v=rYI_Kn-iGlc&list=PLKr4E4NZuOoWYNF0fyVeGgByYeXKvrGcs&index=1&ab_channel=CUTTINGEDGEMETAL,False
"Ravaged By The Yeti - Last Seconds Before A Yeti Kills You [Deathgrind, 2023]",https://youtu.be/W-ZyPZuA-W4?si=uSPTz4LpYoz4V1IW,False
diSEMBOWELMENT - Cerulean Transience of All My Imagined Shores [1993],https://www.youtube.com/watch?v=ltsDh0OJh0g,False
Grausamkeit - Funeral Ceremony (1995/ black metal/ambient/synth/keyboard/Germany),https://youtu.be/H6mIWLwzbS8?si=9GYc8WR0lFFv1qqp,False
"Maul - Disintegration of the Soul (USA, 2023)",https://youtu.be/031bstYbqv8?si=Kw1pI3DNKWXNmWgf,False
"From Wilderness Came Death - Thyrfing (Sweden, 1999)",https://youtu.be/ML8tmDqlsoM?si=OlnwUwPMsECqZ8Ni,False
"Submerged - Infested with Barnacles (Brutal Death, 2024)",https://www.youtube.com/watch?v=Vgjc6DPVG7A&pp=ygUgc3VibWVyZ2VkIHRvcnR1cmVkIGF0IHRoZSBkZXB0aHM%3D,False
"[Speed/Power] Sacred Steel - Heavy Metal Sacrifice (FFO: Attacker, Gamma Ray, Solicitor)",https://www.youtube.com/watch?v=rv6oGIjf5eQ,False
"Convulsing - Pentarch [Australia, 2024, Dissonant black/death]",https://convulsing.bandcamp.com/track/pentarch,False
"QAALM - First Light Of The Last Dawn [USA, 2024, FFO: Yob, early-Katatonia, Dream Unending, Peaceville Three]",https://www.youtube.com/watch?v=ALQRIBXTZ0s,False
"Blasteroid - Void Alchemy (Greece, 2024)",https://blasteroid24.bandcamp.com/track/void-alchemy,False
"Lust Ritual - Purple Master (2024, UK; FFO: Pentagram, Early Moods, trad doom where the singer goes ""öugh"")",https://lustritual.bandcamp.com/track/purple-master,False
"Locusts and Honey - Leathern Cord [UK, 2024, FFO: Bell Witch, Corrupted, Esoteric]",https://hypaethralrecords.bandcamp.com/track/leathern-cord,False
"King Goat - Revenants [UK, 2016]",https://kinggoat.bandcamp.com/track/revenants,False
"Veriluola - Impish Insurrection [Finland, 2023](FFO: Varathron, Mortuary Drape, Master's Hammer)",https://veriluola.bandcamp.com/track/impish-insurrection,False
Grin - Gatekeeper,https://grincult.bandcamp.com/track/gatekeeper-2,False
Sawed Off - Dominion of Skin,https://sawedoffdeath.bandcamp.com/track/dominion-of-skin,False
"Officium Triste - Behind Closed Doors [Netherlands, 2024, Doom/Gothic] (FFO: My Dying Bride, Draconian, Saturnus)",https://www.youtube.com/watch?v=xXhnwAxSedo,False
"Negative Plane - Angels Veiled of Bone [New York, 2011](FFO: Spirit Possession, Predatory Light, Mortuary Drape)",https://negativeplane.bandcamp.com/track/angels-veiled-of-bone,False
"Seance - Wind of Gehenna (Sweden, 1992)",https://www.youtube.com/watch?v=jKQ3lTwb9D4,False
ORANSSI PAZUZU - Muuntautuja (OFFICIAL MUSIC VIDEO),https://youtu.be/pn_eHr0dtPI?si=HK0gZIBe_ey91dBa,False
"Streams of Blood - MΩΩN (2022, GER)",https://www.youtube.com/watch?v=OI0xxbYLMyM,False
"Weald & Woe - The Land of Forgotten Suns [FFO: Obsequiae, Caladan Brood, Gallowbraid, Stormkeep]",https://youtu.be/GnWZ894cBWo?feature=shared,False
Helms Deep - Fight or Flight (2023),https://www.youtube.com/watch?v=_YCahIMXaag,False
Escotrilihum - Namhera (7th Passage – Blasphemy of Ephereàs) (2020),https://youtu.be/Coai42zoZ5s?si=00LXyqaCEgHsyiJY,False
Nile - Chapter for Not Being Hung Upside Down on a Stake,https://www.youtube.com/watch?v=CmwqMQ2g0NQ,False
Wiegedood - Ontzieling,https://m.youtube.com/watch?v=6KcbjnpGpmE,False
"Mindless Sinner - Broken Freedom [Sweden, 1983](FFO: Gotham City, Century, Heavy Load)",https://www.youtube.com/watch?v=sb8g2A_Ft5I,False
"Unholy Altar - Sin Eater FFO Immortal, Gorgoroth",https://unholyaltar666.bandcamp.com/album/veil-of-death-shroud-of-nite,False
Gruesome - Frailty,https://youtu.be/SHm-BM34LoE?si=gRfMbla2Pc24__UO,False
Coffin Rot - Reduced to Visceral Sludge (2021),https://youtu.be/s6VuwX2GyTE?si=Ew4PxN_O4UnU4qtj,False
CAVALERA - From The Past Comes The Storms (2024 re-recorded),https://youtu.be/eKSH06k0ef4?si=rhKArZGEK3A6NHXt,False
"SKELETHAL - Fatal Abstraction [France, Upcoming 2024 album; FFO: Morbid Angel, old school death metal]",https://www.youtube.com/watch?v=YZJkG4DZQjg,False
Blade Killer - Lost Angels,https://youtu.be/wDnspM0immc?si=BzMWZkiOOTttsVEt,False
Stügg - more adrenaline than blood,https://www.youtube.com/watch?v=QfHsCz4JJRI,False
Labyrinthus Stellarum - Downfall,https://www.youtube.com/watch?v=eCQMHGYbVsY,False
Angel Sword - Weekend Warrior,https://www.youtube.com/watch?v=06ipLoQVVc0,False
Parfaxitas - Breath Of The Thoughtless Light,https://youtu.be/2oknECPirWk?si=QHIJklyCQDFCCap2,False
Burning Lord - Abyssal Crusade,https://www.youtube.com/watch?v=SGtrGDHjYAk&ab_channel=BurningLord-Topic,False
"Aseitas - Alabaster Bones (FFO: Artificial Brain, Meshuggah)",https://www.youtube.com/watch?v=zu8dM2wxdOw,False
"Vomit Ghost - Vomit Death [Norwegian Metal, 2024]",https://music.youtube.com/watch?v=WWF8ULQg_hA&si=F8HGJ2jW2BeJTXxq,False
Seventh - Tout ce qu’il reste,https://youtu.be/KioyAdEv6AM?si=Ju54rtevfnmfk0YG,False
Acephalix - Decreation (2017),https://acephalix.bandcamp.com/track/decreation,False
Witchnight - Die by the Blade (2017 Argentina),https://youtu.be/m6XxfceGoVs?si=ZwsBdP2f_XeTe8sd,False
Bloody Keep - Rats of Black Death,https://grimestone.bandcamp.com/track/rats-of-black-death,False
Eternal Champion - Awakened by the Dawn (RIP Brad Raub),https://youtu.be/7VrnRwHXVJw?si=5nrbugshj5-JX-oy,False
Flotsam and Jetsam - Primal,https://youtu.be/HnFNVqyZwYg,False
"Lucifer's Hammer - Real Nightmares (Chile, 2024)",https://dyingvictimsproductions.bandcamp.com/track/real-nightmares,False
"Verberis - Arteries Unto Ruin II (New Zealand, 2024. FFO: Ulcerate, Deathspell Omega, Ascension)",https://verberis.bandcamp.com/track/arteries-unto-ruin-ii,False
"Defacement - Duality (2024, Netherlands Deathmetal) FFO - Gorguts, Ulcerate, Suffering Hour",https://youtu.be/nTUgmbz2ctY?si=tv66CBy7HF-7rmVU,False
Stälker - Iron Genocide (2020 New Zealand),https://youtu.be/RD0pQRp6jUk?si=nhJ8LPh2R0AbxqIE,False
"Körgull the Exterminator - Metal Fist Destroyer [Spain, 2013](FFO: Deathhammer, Voivod, Sabbat)",https://korgulltheexterminator.bandcamp.com/track/metal-fist-destroyer,False
"Scald - There Flies Our Wail! [Russia, 2021](FFO: Solstice, Procession, DoomSword)",https://scaldepicdoom.bandcamp.com/track/there-flies-our-wail,False
"Howl - Fruits Of Harvest / The Magick Is Gone (Estonia, 2024)",https://youtu.be/EKczn5KtUbs?si=1LN1WcmVicWCF2-J,False
"Invictus - ""Mind Rot"" (2024, Japan) [FFO: Witch Vomit, Gorephilia]",https://invictus3.bandcamp.com/track/mind-rot,False
Blüdwülf - Nightmare City,https://www.youtube.com/watch?v=KciaQMC1O4I,False
Lords of the Trident - To Kill a God,https://www.youtube.com/watch?v=I4lQ_REu62M,False
"Chovu - Nyakati Za Dhahabu (Black Metal, Kenya, 2024)",https://chovuke.bandcamp.com/track/nyakati-za-dhahabu,False
Ophidian I - Wither on the Vine,https://ophidiani.bandcamp.com/track/wither-on-the-vine,False
"Theatre of Tragedy - Hollow-Hearted, Heart-Departed (Norway, 1995)",https://youtu.be/hvCWtHTjfYU?feature=shared,False
"Death Fortress - Power From Beyond The Stars [New Jersey, 2016](FFO: Hate Forest, Final Eclipse, Apex Winter)",https://www.youtube.com/watch?v=LYu_WyOQVqM,False
"Krallice - Flatlines Encircled Residue (2024; Atmospheric Black Metal/USA; ffo: Weakling, WITTR, Yellow Eyes)",https://krallice.bandcamp.com/track/flatlines-encircled-residue,False
"Malediction - Prince Des Ténèbres [France, 2001](FFO: Sortilège, ADX, High Power)",https://www.youtube.com/watch?v=RWMyVYY4C4s,False
"Downcross - I Deny the World of Me [2024, Belarus]",https://downcross.bandcamp.com/track/i-deny-the-world-of-me,False
"Raven - Don't Need Your Money [England, 1980](FFO: Anvil, Exciter, Saxon)",https://www.youtube.com/watch?v=H2-ma5sENKo,False
"Owlbear - Cult of the Serpent [Massachusetts, 2023](FFO: Visigoth, Ironflame, Satan's Hallow)",https://owlbearmetal.bandcamp.com/track/cult-of-the-serpent,False
"Malignant Altar - Nephilim Burial [Death Metal, 2019, USA]",https://youtu.be/OQTKi-M08zE?si=5xMkt7bXT33BJy6_,False
Whoredom Rife - Den Vrede Makt (Track Premiere),https://youtu.be/mXlODJG94ZM?si=9QSI9UMEo3Ysv3lY,False
"Terminus - The Reaper's Spiral [Ireland, 2015](FFO: Isen Torr, Solstice, Twisted Tower Dire)",https://terminusni.bandcamp.com/track/the-reapers-spiral,False
Deadly Frost - The Dark (Voices From Hell),https://youtu.be/ufdohWv6Bko?si=CDYNvGsj9QOie9j3,False
Sovereign - Absence of Unity (2024),https://darkdescentrecords.bandcamp.com/track/absence-of-unity,False
Gouge - Wretched Passion,https://www.youtube.com/watch?v=IwVyxSOZdU0,False
Teeth - Prison,https://youtu.be/fccMkobaSrk?si=kLRf1Cdatgq-ebAb,False
Slimelord - Gut-Brain Axis,https://youtu.be/upb9IQVCXtw?si=Qyt_L_Muu-CJ0dgY,False
Suicidal Angels - When The Lions Die (Live at Dorock XL Venue - Istanbul),https://youtu.be/9D7VXTxeb2g?si=Pvej1FJWF680L8T1,False
Laceration - Excised (2024),https://20buckspin.bandcamp.com/track/excised,False
WARMEN - A World of Pain (Official Animated Video),https://www.youtube.com/watch?v=VeNICbWy3j4,False
"Bovem - Annihilation of The Idols [Egyptian blackened death, 2023]",https://youtu.be/Z61eyhBc4bE?feature=shared,False
"Greyhawk - Thunderheart [Washington, 2024](FFO: Visigoth, Dio, Fifth Angel)",https://greyhawkmetal.bandcamp.com/track/thunderheart,False
"Dunwich Ritual - The Sinking City [France, 2024](FFO: Armory, Chevalier, Brocas Helm)",https://jawbreakerrecords.bandcamp.com/track/the-sinking-city,False
"Inconcessus Lux Lucis - Revenge of the Other God (2024, UK. FFO: Negative Plane, Malokarpatan, cheeky trad riffs)",https://i-voidhangerrecords.bandcamp.com/track/revenge-of-the-other-god,False
Commit Suicide - Through The Light (2002),https://www.youtube.com/watch?v=efkNFZ_1Dc4,False
"Glyph - Volaråd [International, 2024](FFO: Iron Saviour, Battle Beast, Falconer)",https://glyphmetal.bandcamp.com/track/volar-d-2,False
"Triumvir Foul - Onslaught to Seraphim [Oregon, 2022] [FFO: Black Curse, Grave Miasma, Teitanblood]",https://invictusproductions666.bandcamp.com/track/onslaught-to-seraphim,False
"Primal Horde - Killing Fields (Canada, 2024, FFO: Sanguisugabogg, 200 Stab Wounds, Vomit Forth)",https://primalhorde.bandcamp.com/track/killing-fields,False
"Fugitive Wizard - Mirror-origin Wax Entity [US, 2024]",https://fugitivewizard.bandcamp.com/track/mirror-origin-wax-entity,False
BongCauldron - Devil [2017],https://youtu.be/QiXKnOaXfyU?si=nXtBJjul4b3KAwll,False
Dødsferd - Restoration of Justice Official Video (H.D.R / FYCR 2024),https://youtu.be/lJCyKJmdoKc?si=fFgeyXwMgiNEiTcQ,False
"Dødheimsgard - Ion Storm (1999, Norway. FFO: Thorns, Aborym, batshit crazy black metal)",https://peaceville.bandcamp.com/track/ion-storm,False
Akhlys - Ephialtes,https://youtu.be/CW-V0bYXZhU?si=CF2l2j62zfG-FMcS,False
"Pest Control - Wake In Hell (UK, 2023, FFO Power Trip, Nuclear Assault)",https://pestcontroluk.bandcamp.com/track/wake-in-hell,False
"Morgellons - Parasitosis (Denmark, 2024. FFO: Spectral Voice, Krypts, Mortiferum)",https://morgellonsdm.bandcamp.com/track/parasitosis,False
"Wist - Betrayal (FFO: Ustalos, Tangerine Dream synths)",https://www.youtube.com/watch?v=mpHuLkDsRQ4,False
Fellwarden - Renewed Hope (from the album: Legend: Forged in Defiance),https://youtu.be/As8x2g4oDCU?si=LWyNID_p8O3dOgFb,False
"Bastard Priest - ""Eyes Of The Possessed"" (FFO: Swedeath)",https://youtu.be/KpFBsFWGtPM?si=1LmesmGJvtl9JYk9,False
Régicide - Immortals,https://moonkeeprecords.bandcamp.com/track/immortels,False
